n_stocks,event_n,coverage_pct,n,ret_5,mae_5,wr_5,rr_5,ret_10,mae_10,wr_10,rr_10,ret_20,mae_20,wr_20,rr_20
100,28,10.0,28,-0.00399,-0.03544,0.5,-0.112,-0.00792,-0.05342,0.4643,-0.148,0.00424,-0.07443,0.5357,0.057
300,76,27.2,76,-0.00347,-0.03723,0.5132,-0.093,-0.00813,-0.05618,0.4868,-0.145,-0.00257,-0.07716,0.5,-0.033
500,139,49.8,139,-0.00126,-0.03732,0.5036,-0.034,-0.00245,-0.05522,0.482,-0.044,-0.00419,-0.08121,0.4748,-0.052
992,279,100.0,279,-0.00275,-0.03885,0.491,-0.071,-0.00601,-0.05618,0.448,-0.107,-0.01104,-0.08185,0.4444,-0.135
