n_stocks,event_n,coverage_pct,n,ret_20,mae_20,wr_20,rr_20,ret_40,mae_40,wr_40,rr_40
30,42,100.0,42,0.00085,-0.09848,0.5714,0.009,-0.00726,-0.13204,0.4048,-0.055
30,42,100.0,42,0.00085,-0.09848,0.5714,0.009,-0.00726,-0.13204,0.4048,-0.055
30,42,100.0,42,0.00085,-0.09848,0.5714,0.009,-0.00726,-0.13204,0.4048,-0.055
30,42,100.0,42,0.00085,-0.09848,0.5714,0.009,-0.00726,-0.13204,0.4048,-0.055
30,42,100.0,42,0.00085,-0.09848,0.5714,0.009,-0.00726,-0.13204,0.4048,-0.055
