scenario,n,coverage_pct,ret5,dd5,wr5,rr5,ret10,dd10,wr10,rr10,ret20,dd20,wr20,rr20,ret60,dd60,wr60,rr60
S4_BB_Squeeze突破,1129,5.9,0.01365,-0.03581,0.4792,0.381,0.01486,-0.05092,0.5004,0.292,0.03469,-0.07592,0.5323,0.457,0.09186,-0.11969,0.5748,0.767
S9_DSA低位+Rope向上,5673,29.7,0.01009,-0.03529,0.4983,0.286,0.01162,-0.05009,0.5172,0.232,0.01913,-0.07369,0.5052,0.26,0.03634,-0.14054,0.4844,0.259
S2_盘整突破,9550,50.0,0.00614,-0.05194,0.4562,0.118,0.00655,-0.07168,0.4542,0.091,0.01227,-0.0966,0.4554,0.127,0.0366,-0.15412,0.4618,0.237
S7_Rope动量启动,14779,77.4,0.00578,-0.04571,0.4612,0.126,0.00851,-0.0631,0.4786,0.135,0.01104,-0.08862,0.464,0.125,0.03067,-0.1507,0.4592,0.203
