strategy,event_n,ret_20,mae_20,wr_20,rr_20,ret_60,mae_60,wr_60,rr_60
C3_低位+窄幅突破,1208,0.03517,-0.06458,0.6382,0.545,0.07575,-0.09195,0.6151,0.824
C2_低位+转强确认,1146,0.03332,-0.06563,0.63,0.508,0.07406,-0.09211,0.6099,0.804
C1_纯低位反转,1575,0.025,-0.0688,0.5841,0.363,0.05232,-0.1141,0.5524,0.459
