exit_rule,n,ret_10,mae_10,wr_10,rr_10,avg_hold_bars,ret_20,mae_20,wr_20,rr_20,ret_40,mae_40,wr_40,rr_40
固定持有10,76,,,,,10,,,,,,,,
固定持有20,76,,,,,20,0.00405,-0.08387,0.5132,0.048,,,,
固定持有40,76,,,,,40,,,,,0.00749,-0.11286,0.4605,0.066
修复完成,76,,,,,13,0.00405,-0.08387,0.5132,0.048,,,,
Rope转弱,1,,,,,5,0.0738,-0.05146,1.0,1.434,,,,
止损5%,52,,,,,40,,,,,-0.04363,-0.15449,0.2885,-0.282
止损7%,46,,,,,40,,,,,-0.05746,-0.16712,0.2174,-0.344
止损8%,42,,,,,40,,,,,-0.0636,-0.17597,0.1667,-0.361
