time_slice,start,end,n,ret_20,mae_20,wr_20,rr_20,ret_60,mae_60,wr_60,rr_60
T1,2022-10,2022-12,382,0.01659,-0.08357,0.5524,0.199,0.06844,-0.09327,0.6414,0.734
T2,2022-12,2022-12,382,0.06653,-0.03926,0.8272,1.695,0.12375,-0.04955,0.767,2.497
T3,2022-12,2026-02,382,0.01685,-0.07408,0.5105,0.227,0.02718,-0.13616,0.4215,0.2
