n_stocks,event_n,coverage_pct,n,ret_20,mae_20,wr_20,rr_20,ret_40,mae_40,wr_40,rr_40
49,76,100.0,76,0.00405,-0.08387,0.5132,0.048,0.00749,-0.11286,0.4605,0.066
49,76,100.0,76,0.00405,-0.08387,0.5132,0.048,0.00749,-0.11286,0.4605,0.066
49,76,100.0,76,0.00405,-0.08387,0.5132,0.048,0.00749,-0.11286,0.4605,0.066
49,76,100.0,76,0.00405,-0.08387,0.5132,0.048,0.00749,-0.11286,0.4605,0.066
49,76,100.0,76,0.00405,-0.08387,0.5132,0.048,0.00749,-0.11286,0.4605,0.066
