n_stocks,event_n,coverage_pct,n,ret_20,mae_20,wr_20,rr_20,ret_40,mae_40,wr_40,rr_40
100,119,10.4,119,0.02408,-0.06619,0.5378,0.364,0.05332,-0.07809,0.6891,0.683
300,351,30.6,351,0.03389,-0.06485,0.6211,0.523,0.0818,-0.07602,0.7322,1.076
500,584,51.0,584,0.03229,-0.06567,0.6336,0.492,0.08501,-0.07615,0.7397,1.116
994,1146,100.0,1146,0.03332,-0.06563,0.63,0.508,0.07531,-0.07827,0.7138,0.962
