regime_type,bucket,event_n,n,ret_20,mae_20,wr_20,rr_20,ret_40,mae_40,wr_40,rr_40
bb_width_percentile,mid_vol,11,11,-0.00493,-0.06948,0.6364,-0.071,0.01428,-0.09305,0.4545,0.153
bb_pos_01,high,17,17,0.07095,-0.03671,0.7059,1.933,0.06832,-0.07296,0.5294,0.936
signed_vwap_dev_pct,deep,22,22,0.05435,-0.0653,0.6364,0.832,0.07181,-0.09767,0.5455,0.735
