regime_type,bucket,event_n,n,ret_20,mae_20,wr_20,rr_20,ret_40,mae_40,wr_40,rr_40
strict_dir,down,48,48,-0.00355,-0.09031,0.4583,-0.039,-0.00342,-0.12401,0.4167,-0.028
strict_dir,up,19,19,0.02143,-0.05395,0.6316,0.397,0.02633,-0.08008,0.5789,0.329
strict_pos,low,53,53,-0.00204,-0.08741,0.5094,-0.023,0.00937,-0.11853,0.4717,0.079
strict_pos,mid,11,11,0.0506,-0.03489,0.6364,1.45,0.01888,-0.06724,0.5455,0.281
weekly_combo,strict_non_high,64,64,0.00701,-0.07838,0.5312,0.089,0.011,-0.10972,0.4844,0.1
weekly_combo,strict_low,53,53,-0.00204,-0.08741,0.5094,-0.023,0.00937,-0.11853,0.4717,0.079
weekly_combo,strict_low_and_daily_low,45,45,0.00979,-0.07035,0.5778,0.139,0.00608,-0.10606,0.5111,0.057
