variant,event_n,n,ret_20,mae_20,wr_20,rr_20,ret_40,mae_40,wr_40,rr_40
W2_wpos_le_0.4,794,794,0.03932,-0.06029,0.67,0.652,0.09089,-0.07273,0.7557,1.25
W5_wdev_le_0,851,851,0.03913,-0.0589,0.678,0.664,0.08689,-0.07117,0.7509,1.221
W1_wpos_lt_0.7,961,961,0.03934,-0.05869,0.6701,0.67,0.08495,-0.07181,0.7419,1.183
W4_wpos_le_0.4_and_wdir_up,62,62,0.03966,-0.05558,0.5645,0.714,0.09141,-0.07886,0.6935,1.159
Base,1146,1146,0.03332,-0.06563,0.63,0.508,0.07531,-0.07827,0.7138,0.962
W3_wdir_up,136,136,0.03546,-0.05675,0.5735,0.625,0.03926,-0.08604,0.5515,0.456
