rank_method,max_signals_per_day,event_n_before,event_n_after,ret_20_after,mae_20_after,wr_20_after,rr_20_after,ret_40_after,mae_40_after,wr_40_after,rr_40_after
signed_vwap_dev_pct,5,76,75,0.00423,-0.08474,0.52,0.05,0.00784,-0.11391,0.4667,0.069
no_limit,5,76,76,0.00405,-0.08387,0.5132,0.048,0.00749,-0.11286,0.4605,0.066
dsa_pivot_pos_01,5,76,75,0.00416,-0.0842,0.52,0.049,0.0071,-0.11358,0.4533,0.063
bars_since_dir_change,5,76,75,0.00416,-0.0842,0.52,0.049,0.0071,-0.11358,0.4533,0.063
score_2f,5,76,75,0.00416,-0.0842,0.52,0.049,0.0071,-0.11358,0.4533,0.063
score_3f,5,76,75,0.00416,-0.0842,0.52,0.049,0.0071,-0.11358,0.4533,0.063
