variant,event_n,n,ret_20,mae_20,wr_20,rr_20,ret_40,mae_40,wr_40,rr_40
S2_bbwidth_le_0.5,28,28,0.03974,-0.05207,0.6071,0.763,0.03915,-0.07844,0.5714,0.499
S5_bbwidth_lt_0.8_and_slope_gt_0,32,32,0.03321,-0.05265,0.5938,0.631,0.03,-0.07829,0.5625,0.383
S1_bbwidth_lt_0.8,33,33,0.03444,-0.05261,0.6061,0.655,0.02713,-0.0793,0.5455,0.342
S4_rope_slope_gt_0,39,39,0.0301,-0.05802,0.5897,0.519,0.02447,-0.08737,0.5385,0.28
S3_bbpos_lt_0.8,20,20,0.02733,-0.06047,0.7,0.452,0.00977,-0.09156,0.5,0.107
S0_no_filter,76,76,0.00405,-0.08387,0.5132,0.048,0.00749,-0.11286,0.4605,0.066
S6_bbwidth_lt_0.8_and_bbpos_lt_0.8,16,16,0.01942,-0.06037,0.6875,0.322,0.00455,-0.09313,0.5,0.049
