variant,event_n,n,ret_5,mae_5,wr_5,rr_5,ret_10,mae_10,wr_10,rr_10,ret_20,mae_20,wr_20,rr_20,ret_40,mae_40,wr_40,rr_40
A_loose_background,48,48,0.02498,-0.03944,0.5417,0.633,0.02443,-0.05702,0.5833,0.428,0.01972,-0.0794,0.5417,0.248,0.00637,-0.11637,0.4167,0.055
