stage,event_n,n,ret_5,mae_5,wr_5,rr_5,ret_10,mae_10,wr_10,rr_10,ret_20,mae_20,wr_20,rr_20,ret_40,mae_40,wr_40,rr_40
S1_near_rope_only,37,37,-0.01112,-0.04753,0.4054,-0.234,-0.00646,-0.0672,0.4324,-0.096,-0.0139,-0.08791,0.4324,-0.158,0.04802,-0.10937,0.5676,0.439
