trigger,event_n,ret_20,mae_20,wr_20,rr_20,ret_40,mae_40,wr_40,rr_40,hit20_10,hit20_15,hit40_20
T0_no_trigger,39,0.00325,-0.08159,0.4615,0.04,0.01117,-0.12374,0.3846,0.09,0.1282,0.1026,0.1282
T2_above_rope,92,-0.0025,-0.08539,0.4348,-0.029,-8e-05,-0.12964,0.4239,-0.001,0.1848,0.087,0.1196
T1_slope_up,53,-0.00674,-0.08818,0.4151,-0.076,-0.00836,-0.13397,0.4528,-0.062,0.2264,0.0755,0.1132
