{
  "conclusion": "A_no_drift",
  "drift_detected": false,
  "ranking_effective": true,
  "top10_advantage": true,
  "details": {
    "sell_reg_mean_shift": -0.022608530036719948,
    "sell_reg_shift_in_std": 0.17791563306694594,
    "test_early_mean_ic": 0.7038027916219731,
    "test_early_ic_ir": 11.726279254689718,
    "test_early_pct_ic_positive": 1.0,
    "test_early_top10_avg_mfe": 0.7717688409278415,
    "test_early_pool_avg_mfe": 0.13145548749774122,
    "test_early_avg_mfe_spread": 0.6403133534301003,
    "test_early_pct_top10_beats_pool": 1.0,
    "test_late_mean_ic": 0.6503175083428677,
    "test_late_ic_ir": 5.796314230029675,
    "test_late_pct_ic_positive": 1.0,
    "test_late_top10_avg_mfe": 0.787532202517335,
    "test_late_pool_avg_mfe": 0.12660483661122787,
    "test_late_avg_mfe_spread": 0.660927365906107,
    "test_late_pct_top10_beats_pool": 1.0,
    "train_mean_ic": 0.6044908559787805,
    "train_ic_ir": 5.141169505836317,
    "train_pct_ic_positive": 1.0,
    "train_top10_avg_mfe": 0.7338390183671137,
    "train_pool_avg_mfe": 0.12641698060794523,
    "train_avg_mfe_spread": 0.6074220377591686,
    "train_pct_top10_beats_pool": 1.0,
    "val_mean_ic": 0.6986524161417643,
    "val_ic_ir": 9.64694330214862,
    "val_pct_ic_positive": 1.0,
    "val_top10_avg_mfe": 1.2937813945579273,
    "val_pool_avg_mfe": 0.14873940146154896,
    "val_avg_mfe_spread": 1.1450419930963784,
    "val_pct_top10_beats_pool": 1.0,
    "test_mean_ic": 0.6770601499824205,
    "test_pct_ic_positive": 1.0,
    "test_pct_top10_beats_pool": 1.0,
    "test_avg_mfe_spread": 0.6506203596681037
  }
}